,tweet_id,tweet,image_url,content_type,lang
86,1281233934886383618,"We hv glorious traditions of women soldiers down th ages. In modern times, Russian partisans, German Werewolves, Vietcongs, Peshmerga..there r instances galore of women fighting on equal terms as men. BUT the #FeministMafia hs brought this paradigm of entitlement..ruining merit",[],text,en
1,1422970204011696128,#JusticeForSwapnilPandey #JusticeForSwapnilPandey #JusticeForSwapnilPandey The purpose of the SC-ST Act cannot be to victimize women.  @mhadevkidiwani   #JusticeForSwapnilPandey  https://t.co/6F1Vu6sIiT,['https://pbs.twimg.com/media/E73JsAaVcAwMgje.jpg'],image,en
129,1330150514261176324,Why is #Bollywood not coming out in dozens to support #BhartiSingh as they did for #RheaChakraborty,[],text,en
28,1281233888795213825,"@Ramandeep_Bajwa @w_karve We hv glorious traditions of women soldiers down th ages. In modern times, Russian partisans, German Werewolves, Vietcongs, Peshmerga..there r instances galore of women fighting on equal terms as men. BUT the #FeministMafia hs brought this paradigm of entitlement..ruining merit",[],text,en
70,1282570519837986816,Only legends can get thisЁЯШВЁЯШВЁЯдЩЁЯП╝ #carryminati #carryminatiroast  https://t.co/hWnz2xVZSL,['https://pbs.twimg.com/media/EcybFhAU4AAAMop.jpg'],image,en
135,1281938292364079104,FULL VIDEO LINK :  https://t.co/Szz8UAwcmQ  HOW SAFE WAS TIKTOK? | TIKTOK BAN Face with tears of joy| TIKTOK ROAST | HORCRUX ARTWORKS | 2020  INFORMATION + FUN #tiktok #tiktokban #bantiktok #banchina #horcruxes #tiktoksad #Horcruxartworks #carryminatiroast  #tiktokroast  https://t.co/SwZVMkduKT,['https://pbs.twimg.com/media/EcpbvS_UMAIT-ny.jpg'],image,en
123,1331281784873517057,Proof strangulation mark on Sushant's neck &amp; other solid proofs ssr was killed #BB14 Shona Shona  #PrideOfIndianCinemaSURIYA #BiggBoss14 #ShehnaazGill #Fastest3MLikesForButtaBomma #CorruptionIsCorruption #Aari #SaraAliKhan #HrithikRoshan #CoolieNo1 #VarunDhawan #RheaChakraborty,[],text,en
46,1331248718214033411,How is #RheaChakraborty ??,[],text,en
69,1280470369917235207,@MumbaiMirror Dont spread #misandry the #FeministMafia @sharmarekha is already doing it and getting rightly snubbed by @smritiirani #CrimeHasNoGender  #GenderBiasedLaws  #MenToo #AblaNari is #coronavirus  @CPMumbaiPolice @Uppolice @PuneCityPolice @ShivSena @timesofindia @ndtv @CNN @BBCHindi,[],text,en
58,1331101571933880323,We can see diminishing rate of democracy in India..Worse kind of political dictatorship is coming. But as History says such dictatorship will  get destroyed by itself . But many innocents will fall as its victims !!   #SSRDeservesJustice #BhartiSinghArrested #RheaChakraborty,[],text,en
2,1374310926766145545,"I was a gud husband, den she lebeled me as a criminal, den i thought myself as a victim, den i cried, den i became angry over injustice &amp; biasness, den i became indifferent, at last I transformed in to a fighter against #LegalTerrorism . Thank you #498A wife!",[],text,en
51,1330205892957106183,"@BachchanJaya now what would you say about your so called ""THALI"".  #JISTHALIMKHATEUSSIMCHED #BhartiSinghArrested #deepikapadukone #RheaChakraborty  You destroyed the image of @SrBachchan.",[],text,en
38,1285198373612478464,@SwatiJaiHind #GenderBiasedLaws will be more dangerous and tough to manage for him #FeministMafia,[],text,en
85,1276303918356664321,You like me! You really really like me! Thanks @Krodinehardy for the amazing pick me up today тЭдя╕П #feministmafia  https://t.co/eGMOf3Ooc0,['https://pbs.twimg.com/media/EbZXoUhXsAEaB-q.jpg'],image,en
117,1281964807978016768,Carryminati new video Bad words get copyright strike! Priyanka karki rea...  https://t.co/3SDAtxHm5h via @YouTube #carryminati #carryminatiroast,[],text,en
128,1325129659206389762,"Before Bom HC Harish Salve elaborately explained the ingredients of Sec 306 IPC &amp; rightly submitted how ""Abetment of Suicide"" is inapplicable in case of #Arnab ... Does he and @republic now realise as to how it was inapplicable in the case of #RheaChakraborty as well?",[],text,en
76,1422959582498877444,"Yes SIR,  Full DetailsтмЗя╕П  say the whole thing  The only Brahmin family among the SC community, the sister-in-law imposed the Atrocity Act on the victim and the family for rejecting marriage and love proposals.   https://t.co/0bxDbnyENq  #JusticeForSwapnilPandey  https://t.co/wX885vRZbs",['https://pbs.twimg.com/media/E79eMBsVIAEVoZk.jpg'],image,en
43,1423166394397458438,#JusticeForSwapnilPandey shame on this gov and act isse better to British log te kaas azadi mili hi na hoti,[],text,en
40,1276467891584430083,@mensarehumans @NCWIndia lawyer hai bhai yeh madam...imagine the #FeministMafia rulings she might have given if she would have become a judge! #FeminismIsCancer  #CrimeByWomen,[],text,en
36,1374228835860762636,"I don't think I'll ever get remarried. Relationships, sure, but I'm just too transient to commit to something like marriage again.   #LegalTerrorism  #mentoo  #ZomatoDeliveryGuy  #relationships  #498a  #AskAMan  #fakecases #ParentalAlienation  @no1_mra @dnfiofkdn @realsiff",[],text,en
111,1374991646836809728,#Thankyou рдкреБрд░реВрд╖ рдЖрдпреЛрдЧ рд╕рдордиреНрд╡рдп рд╕рдорд┐рддрд┐   https://t.co/R3DlPBe7FW   for following us!  #visit our #Facebook  https://t.co/0JCJCGbXly   visit website  https://t.co/LPTBuXm8M9    #Dowry #498a #FakeCases increasing #PurushAayog #MensCommission required #MensRights are #HumanRights  protтАж,[],text,en
20,1284149048266514437,There is more @radhika_apte in @NetflixIndia than there were  ohh-ohh-ohh's in @kunalkamra88 's roast video of @CarryMinati   #RadhikaApte  #Kunal #NetflixIndia  #carryminatiroast  #carryminati,[],text,en
3,1282177125601038336,"@YouTube is currently getting high. When they will come out of it, they will know about their wrong investigation in the copyright claim. We are with you @CarryMinati . @YouTube get over from it. @CarryMinatiFans #FakeClaimInYouTube #CarryMinati  #carrykajawaab #carryminatiroast",[],text,en
66,1287079881625329664,"тЪбя╕ПтЪбя╕П#CarryMinati Hacked Channel Is Now Back, Thanks For Youtube Immediate Support !! @CarryMinati    https://t.co/ydyu4XGHKk   #carryislive #CARRYMINATIHACKED #carryminatiroast #carryisback",[],text,en
4,1374377987844444163,"@taslimanasreen A good son, A good friend, A good brother, A good student, A good employee, A good citizen becomes a criminal out of sudden! why? how? what crime he did?  he married a #498A woman!  Doing Marriage is a crime! #feminismiscancer #fakecases",[],text,en
61,1330981842804232193,"It seems like some kind of joke happening #RheaChakraborty arrested den got bail, #BharatiSingh and her husband got bail #SushantSinghRajput 's murderer still nt found #dishasalian 's boyfriend yt nt caught . What drama going on? Aise mileyga justice ? @shwetasinghkirt @republic",[],text,en
100,1374637449410867204,@LiveLawIndia @pbhushan1 @adrspeaks Strike down #498a first.  https://t.co/O2teMEbuUh,['https://pbs.twimg.com/media/ExOxeXKVkAIobHw.jpg'],image,en
26,1331096820773220353,Sri Reddy to reveal the #Tollywood Drug Abusers soon! #moviezupp  https://t.co/CouFPdCaEm #rakulpreetsingh #rheachakraborty #sanjanagalrani #srireddy #srireddynews #srireddyondrugsracket #srireddyteluguherosdrugs #teluguheroes #tollywoodactorsdrigs,[],text,en
54,1287077160641912833,Who Hacked Carryminati? Why They Hacked CarryMinati's YouTube Channel.   https://t.co/kjexmZwr5U  #CARRYMINATIHACKED #carryminatiroast #carryislive,[],text,en
33,1422942068494659590,"Sc/ST act was given by Govt for deprived and suppressed. But now this act is  being used as ""Brahmastra"" against General Community. I request Govt. to revisit SC/ST act and stand with truth/Justice.  #JusticeForSwapnilPandey @ABBEPJAGAT  @PMOIndia  https://t.co/zqyfrmaK6z",['https://pbs.twimg.com/media/E73zqs6VkAQD5-6.jpg'],image,en
18,1277677124640333824,"@sights2020 @MenWelfare @barandbench @LiveLawIndia @SFFNGO @KicchaSudeep @SIKSFA_Official @KicchaSudeepFC @PuneethRajkumar @PowerStarPunith @darshshan @rakshitshetty @OfficialViji @officialganesh7 @PrakashRajFC @chirusarja @tarak9999 As per feminist logic, judicial mind should think &amp; write as per #FeministMafia",[],text,en
116,1277767875747385347,@NCWIndia @sharmarekha @editorbains @jyotitiwari05 @police_haryana Good that #FeministMafia also took cognizance of torture by #AblaNari  Else they were only keen to encourage #misandry and provide impunity to women thru #GenderBiasedLaws and #LegalTerrorism  #JusticeforJayarajAndBennick,[],text,en
75,1281960361583800320,#carryminati #carryminatiroast #carryminatitiktokroast #carryminatigotcopyrightstrikes #bbkivines #mumbikerNikhil #carryminatiroastkunalkamra #carryminatiroastyoutube #ashishchanchlani #flyingbeast #rasbharikepapa Watch it guys   https://t.co/Vhvzof0XoJ  https://t.co/RAkkPuvFyJ,['https://pbs.twimg.com/media/EcpwHX8UwAAG8vk.jpg'],image,en
130,1281588964307005440,@sharmarekha @NCWIndia  #ShameOnYou for promoting such #domesticviolence on men. #FeministMafia  #MenToo  #MensCommission  @smritiirani @HMOIndia @rsprasad @PMOIndia @sifchandigarh @sifngp @SIFKtka @sif_odisha @sifgujarat @SIFChtg @sif_india @JharkhandSif @RanchiSif @sifbhopal,[],text,en
134,1374798808895266818,@aajtak #falsecases by women to extrot Money from innocent men and there families members. #498A,[],text,en
7,1331219074009821184,"@msshailjasharma Oh really??? Ab bura lag raha hai?? Tab bura nahi laga, when you guys witch hunted n humiliated #RheaChakraborty #AliaBhatt n many other actresses..???  Without any proofs?? Yahan tak u warriors gave them rape threats n called dem W***es.. Karma is a b***h.. Wont spare anyone...  https://t.co/oO8OKy2nmD",['https://pbs.twimg.com/tweet_video_thumb/EnlwrvBUcAMkzY2.jpg'],gif,en
114,1287049075351629825,"CarryMinati's YouTube Channel Hacked, Bitcoin Adverts Stream on CarryisLive  https://t.co/hx6qbKPaip #CARRYMINATIHACKED #carryhacked #carryminati #carryislive #support #carryislivehacked #carryminatians  #ihaveajoke #alreadyvideo #carryminatiroast #AllStars5 #khabarlazmi #Hanna",[],text,en
59,1330194159576240128,"THE entire crew of The #KapilSharma  including #BhartiSingh mocked #ArnabGoswami, @pradip103 , #NCB after #RheaChakraborty arrest . Now the entire world is laughing on them  Karma ! #ganja",[],text,en
27,1284769266684669952,@CarryMinati Pakistani News Reporters Are Hilarious | Roasted ЁЯдг Link -  https://t.co/pejHrT1WvY  Guys watch this amazing funny video тЭд  #carryminnati #carry #funny #comedy #Roasted #roast #carryminatiroast #memes2020 #hindustanibhau #memesdaily #memes #carryminatimemes #bhuvanbam #angryidea  https://t.co/uGNHje7Inm,['https://pbs.twimg.com/media/EdRq1oRVAAAsJN4.jpg'],image,en
83,1288388780580249601,@KanganaTeam @deepikapadukone So happy to have the #FeministMafia getting picked up. Hope the lawyer who helped the other 2 terrorist doesn't succeed this time. #RheaChakraborty should be jailed &amp; nailed including her wellwishers &amp; Bollywood mafia  #SushantSingRajput  @AmitShah @narendramodi @rashtrapatibhvn,[],text,en
6,1283791623663435778,Finally the record breaker youtuber of India is here on The Focus Cover. @CarryMinati @YouTube @YouTubeIndia #BanTiktok #carryminnati #carryminatiroast #focusclick #parasjain #magazine #magazinecoverchallenge  https://t.co/S89kYqDelw,['https://pbs.twimg.com/media/EdDxrWDVAAISGi2.jpg'],image,en
72,1276232099364659200,@sharmarekha Rationality is out of context with #feministmafia #feminismiscancer #FeministMafia #Feminazis #FeminismIsCoronaVirus  They never cared for responsibility why would they care for social responsibility...,[],text,en
21,1331102266200256514,Not surprising  #RheaChakraborty was used in #SSRCase for #BiharElections but #BhartiSingh is #BJPs supporter  https://t.co/BMMuOxJvaj,['https://pbs.twimg.com/media/EnkGc4vVgAAxMB3.jpg'],image,en
0,1282955634556538880,Carryminati yalgaar paintingЁЯОи  Hope you will see it тЭд @CarryMinati  @CarryMinati #carryminati #Hindustabhau #carryroastkarega  #carryminatiroast #carryminatifan #carryminnati @CarryMinati  https://t.co/yqXJJVJxA2,"['https://pbs.twimg.com/media/Ec35Qp0UwAEMszz.jpg', 'https://pbs.twimg.com/media/Ec35SZ5UYAEESg9.jpg', 'https://pbs.twimg.com/media/Ec35UMmUcAEcvx1.jpg']",image,en
122,1325113589015916551,Rhea ChakrabortyтАЩs Brother Showik Chakraborty Seeks Bail Plea For Third Time  Know More :  https://t.co/COSbqHvEhA  #ShowikChakraborty #RheaChakraborty #SushantSinghRajput #drugscase #Bollywood #SSRDeathCase #MovieUpdates  #Tollywood #Manacinema #BrakingNews #TodayNews,[],text,en
44,1375042410833584130,"It took leftist newsportals to realise rule of ""bail, not jail"" only when some special people performing comedy or raising slogans or drafting toolkits landed in Jail  Since decades lacs of husbands &amp; their entire families were getting jailed under #498A &amp; none cared a damn.",[],text,en
29,1281909924377681920,People using Masks.....but not covering their nose.....  Me to them :- #carryminati #carryminatiroast  https://t.co/8sPrZI9mRg,['https://pbs.twimg.com/media/EcpCR7cU8AEukPm.jpg'],image,en
50,1422947701059059720,#JusticeForSwapnilPandey  Full support  #рдЖрдЬрд╛рдж_рд╕реЗрдирд╛_рдпреВрдкреА_2022,[],text,en
95,1374459432977924110,It is men who don't know what 498A means. Never ever imagined that it is through his wife that husband gets to know what #498A is and it is a #criminal case.   Husbands should have ample #gratitude  towards wives!,[],text,en
45,1374249251413192707,"Dear David ji, @poonam_mahajan @ianuragthakur et al- this 100 crore thing is State level Law &amp; Order issue, why rock (other useless) parliament works for this? Learn from @smritiirani remarks that #FalseRape #FakeCases #498a etc r state L&amp;O issues not to b disc in parl!",[],text,en
113,1331209510728331267,"#ShwetaSinghKirti Accepts #SushantSinghRajput is no more; fine but please dont pester the living, accept that your brother was #drugaddict &amp; committed #suicide as confirmed by #AIIMS, there was no foul play &amp; #RheaChakraborty isnt responsible for his death  https://t.co/2Ft2POMUb8",[],text,en
92,1374743866478190593,"WATCH VIDEO | Daughter-in-Law Forcefully Re-enters Matrimonial Home When Rs 13 Lakh Settlement Allegedly Failed  Husband's Father | ""She has filed false #498A, DV &amp; Maintenance on us. I am living at elder brother's home, due to threat of more false cases""   https://t.co/PhrX26y4Kb",[],text,en
124,1330162753726722057,"#RheaChakraborty was arrested, kept in jail for 1 month. Comedian #BhartiSingh also got arrested in gaanza use But #NCB will never arrest #DeepikaPadukone just bcoz she is a big movie star and wife of a equally popular movie star. In eyes of law everyone should be equal.",[],text,en
63,1284332824640671744,@NCWIndia @sharmarekha @rsprasad @SwatiJaiHind Beg Borrow Steal or Kill...motto of #AblaNari  #ShameOnYou for encouraging #FeministMafia  MIL a Begger DIL a Killer #CrimeHasNoGender  #CrimeByWomen is on rise @PMOIndia @HMOIndia @rashtrapatibhvn @vaastavngo  https://t.co/qj1x9UofIa,[],text,en
25,1283401790717931520,Guys our first roasting videos out now!! Please watching this video and subscribe the channel and like/cmmt... . link in bio Follow - @bakchodboyiz  . . #youtubevstiktokers #bababakchod #carryminatiroastтАж  https://t.co/VkeR3WOgCd,[],text,en
97,1284499595788091394,Pakistani News Reporters Are Hilarious | Roasted ЁЯдг Link -  https://t.co/pejHrT1WvY  Guys watch this amazing funny video тЭд  #carryminnati #carry #funny #comedy #Roasted #roast #carryminatiroast #memes2020 #hindustanibhau #memesdaily #memes #carryminatimemes #bhuvanbam #angryidea  https://t.co/7uu1adDK3o,['https://pbs.twimg.com/media/EdN1kp-UEAE3yNP.jpg'],image,en
118,1325121860434980872,Did @Republic_Bharat @republic and #ArnabGoswamy ever imagine that a day will come when #RheaChakraborty will watch arnab in jail from outside ...This #RheaChakraborty is the real #Don,[],text,en
107,1422962254505414661,"@PawanDurani Yes SIR,  Full DetailsтмЗя╕П  say the whole thing  The only Brahmin family among the SC community, the sister-in-law imposed the Atrocity Act on the victim and the family for rejecting marriage and love proposals.   https://t.co/0bxDbnyENq  #JusticeForSwapnilPandey  https://t.co/UcVtZfBDTp",['https://pbs.twimg.com/media/E79gntpVEAAXOGP.jpg'],image,en
96,1288389097787015168,@RomanPinto9 @KanganaTeam @deepikapadukone So happy to have the #FeministMafia getting picked up. Hope the lawyer who helped the other 2 terrorist doesn't succeed this time. #RheaChakraborty should be jailed &amp; nailed including her wellwishers &amp; Bollywood mafia  #SushantSingRajput  @AmitShah @narendramodi @rashtrapatibhvn,[],text,en
10,1286938145989115905,CarryMinati Reaction ЁЯСЗ  https://t.co/yIz6XOd1VJ . . @CarryMinati #carryminati #carryhack #carryislive #CARRYMINATIHACKED #carryminatiroast #carryminatibitcoin #carryislive  https://t.co/btKeo8FzFG,['https://pbs.twimg.com/media/EdwfbDEVoAEwF2_.jpg'],image,en
133,1282355107753979906,Portrait of @CarryMinati ЁЯФе by me.  I hope he likes it тЭд.  .  .  .  .  .  #carryminati #artwork_portrait #pencilsketches #carryminatiroast #carryminatitiktokroast #Fanart #portraits #myart #artoftheday #myart #Pencildrawing  https://t.co/jWmBtBFiOy,['https://pbs.twimg.com/media/EcvXKxRUcAIWCF2.jpg'],image,en
73,1374820517019058176,"@aajtak #womenempowerment K naam pe sub soo rahe hain court , judge , police, media Thanks @aajtak for this news. Please make news , missusing the laws by women. #498A #406Ipc #DV #125Crcp",[],text,en
108,1281950669314772992,#carryminati #carryminatiroast #copyright #Yalgaar Ye toh #youtube ki alag level bkchodi hai. Lol x 100 ho gaya bhai tera @CarryMinati  . We need #Justice for carryminati. YOUTUBE after doing a copyright claim:  https://t.co/6C6AqOfaC5,['https://pbs.twimg.com/tweet_video_thumb/EcpnVNeUMAAxbSl.jpg'],gif,en
65,1279713751604871174,"So far all demands to amend #RapeLaw, make it gender neutral have been completely ignored under pressure of #FeministMafia, let's see if @rsprasad even responds to this.  Citizens write to union minister, call for changes to IndiaтАЩs rape laws  https://t.co/MFIOyGOtFg via @News 24",[],text,en
11,1375004592883212300,"We need a qualified n philanthropic Advocate in Rohini Court regarding Divorce, Custody and fake #498a case.  Kindly help.  @TheAmitLakhani  @MenWelfare  @sahodar4men",[],text,en
22,1374319603262787591,"Any type of dispute in marriage results in #498a, its a tool to harras husband's family including women to settle scores. Supreme Court already have raised concern multiple times. #LegalTerrorism #FakeCases  Law Commission report 2013 also raised concerns over it.",[],text,en
57,1288481175778938882,"@JoeBiden had it made till the other day. Then came the crazies of the Anti Fa &amp; Culture Buster Philistines... and of course the counter racist goons and #FeministMafia parasites, piggybacking on the genuine outrage in the #GeorgeFloydProtests  These helped @POTUS no end!",[],text,en
67,1331226810579750918,"All members of yuva shiv sena party of the likes of #varunsardesai #rahulkanal &amp; #sarnaik's brothers headed by ЁЯРзgives vry negative vibes. All close to bullywood goons, All spewing venom against #SSR /@republic/@KanganaTeam. All rallying for #RheaChakraborty!  #SSRDeservesJustice",[],text,en
82,1422909010659876868,I am proud to be a brahmin and I stand in solidarity with Swapnil I bycott SC ST act #JusticeForSwapnilPandey  https://t.co/WuEvBZdjPo,['https://pbs.twimg.com/media/E730VXhUUAUn5K1.jpg'],image,en
39,1374918394412113921,our judicial system is One Sided When it comes for Women(Bahu) #498a @SmritiIraniOffc @AmitShah @narendramodi @PMO @rsprasad @OfficeOfRSP @rashtrapatibhvn  @ZeeNews @zeenewseditor @aajtak @indiatvnews @ndtv @BBCHindi @TheLallantop @News18India  @ABPNews  https://t.co/J4XamsreIX,['https://pbs.twimg.com/media/ExSwxpJVEAMIu2P.png'],image,en
71,1331068126620839936,Are we hypocrites or ignorant?  #DrugMafiaVsNCB #RheaChakraborty  #SSRCulpritsRoamingFree  #SSR  #BhartiSinghArrested   Time to Legalize Ganja? | The True Story that no one talks about | The D...  https://t.co/MZSkUGvUHs via @YouTube,[],text,en
55,1375015435645693953,#Thankyou Kyle MacDonald   https://t.co/ieMQ1bKaSK   for following us!  #visit our #Facebook  https://t.co/0JCJCGbXly   visit website  https://t.co/LPTBuXm8M9    #Dowry #498a #FakeCases increasing #PurushAayog #MensCommission required #MensRights are #HumanRights  protect #FathтАж,[],text,en
104,1289788708581908480,watch this if you miss your school life. new video out. click the link below.  https://t.co/puEpwF6FiP #school #schoollife2020 #schoollife #carryminatiroast #carryminati #roast #harrythedope #harrypotter  https://t.co/rOS6fzCqdE,['https://pbs.twimg.com/media/EeY_jkkVAAAHrnQ.jpg'],image,en
109,1330155834479947778,why we  are watched the drug paddlers show they are not worth they all bollywood are drugi. I want to request NCB please check each and every bollywood celebrities. they all are  charsi. please do action on it. and banned him. #BhartiSinghArrested  #RheaChakraborty  #Deepika,[],text,en
62,1331101438030831617,We can see diminishing rate of democracy in India..Worse kind of political dictatorship is coming. But as History says such dictatorship will  get destroyed by itself . But many innocents will fall as its victims !!   #SSRDeservesJustice #BhartiSinghArrested #RheaChakraborty  https://t.co/v2Enj8cm3j,['https://pbs.twimg.com/media/EnkFj-WXcAATSiw.jpg'],image,en
115,1423529060693471236,Ambedkar's followers always wants britishers to interfere in our country's internal matter. #JusticeForSwapnilPandey,[],text,en
102,1277676721089597441,#IPC376 misused as per wishes of #FeministMafia They don't believe in #JudicialProcedures &amp; Want favourable orders else #JudicialCriticism #SupportJusticeKSDIXIT as their r #NoLaws4Men,[],text,en
87,1374632103304855556,@kiranshaw Will not take part in ANY movement until Section #498a is amended.  Indian middle class is being massacred by bad evil people using these biased laws.,[],text,en
99,1277855353544179712,@sharmarekha @tiktok @PMOIndia @narendramodi Good now atleast the vulgarity of #FeministMafia will not be visible for quite sometime.,[],text,en
103,1374525993449234433,ЁЯШвЁЯШвЁЯШвЁЯдХЁЯдХ not sure marring a ЁЯСй or a ISIS #FakeCase #498A,[],text,en
17,1330158963669733379,All the 'feminists' who got trigerred when NCB arrested #RheaChakraborty are silent at #BhartiSinghArrested   Moti hain isliye? Or not from Bhatt harem?,[],text,en
23,1281908393498861568,Indian roasting master the of roasting Carryminati is a hacker  #carryminati #carryminatiroast #carryminativideoback #carryminati #theArtaofBadWordw   https://t.co/PNPZCkyqNH,[],text,en
48,1374410240481841156,"@ritikawaii If they need examples, tell them to study cases of #498a accusers &amp; speak to their husbands, the students will likely find that vast majority could fit into their definition of ""fake feminists""...",[],text,en
9,1331117643391135744,"#BhartiSingh campaigned for BJP Arrested by NCB ,recovered 86.5gm ganja from her.  Granted bail within a day  #RheaChakraborty arrested by NCB for consuming ganja but no evidence found.  After her bail application was cancelled for 3 times, she was granted bail after 1 month.",[],text,en
121,1374375198749691920,"A good son, A good friend, A good brother, A good student, A good employee, A good citizen becomes a criminal out of sudden! why? how? what crime he did?  he married a #498A woman!  Doing Marriage is a crime! #feminismiscancer #fakecases",[],text,en
64,1283631986670571525,@cskkanu @SwatiJaiHind @sharmarekha @NCWIndia should declare a daily prize distribution for such lecherous #AblaNari as this is what is expected from #GenderBiasedLaws  #CrimeByWomen is on rise due to #FeministMafia  @smritiirani @rashtrapatibhvn @rsprasad @HMOIndia @PMOIndia @RSSorg,[],text,en
41,1375064460814082048,@NCWIndia @pib_law @PIB_India @MIB_India @BOC_MIB @WCDOdisha @mp_wcdmp @MP_WCD Ensure proper destruction of husband and his  https://t.co/8bD4WCBxYjтАЩs empowerment means MONEY  by #dv or #125 or #498a,[],text,en
42,1423181669075341314,"Sc/ST act was given by Govt for deprived and suppressed. But now this act is  being used as ""Brahmastra"" against General Community. I request Govt. to revisit SC/ST act and stand with truth/Justice. #JusticeForSwapnilPandey @ABBEPJAGAT  @PMOIndia  https://t.co/TDfXmm9cmJ",['https://pbs.twimg.com/media/E73zqs6VkAQD5-6.jpg'],image,en
30,1279113834897104896,"Every time judiciary comments around rape laws being misused, #FeministMafia starts creating a controversy targeting the Hon'ble judges   Justice Krishna S Dixit of Ktka HC had to expunge the remarks this time.    #JudiciaryUnderFeminism #JudiciaryCompromised  https://t.co/mEFtokZ877","['https://pbs.twimg.com/media/EcBTPV4U4AAmqA-.jpg', 'https://pbs.twimg.com/media/EcBTP3NU8AAAbsg.jpg']",image,en
14,1276601101240766469,Epic video reminds of #FeministMafia #Feminazis drama to gain attention....  Women take advantage of fake drama to victimize innocent men...    https://t.co/QopOtFv66Z,[],text,en
16,1422951508547497986,#TMKOC #JusticeForDelhiCanttGirl #justiceforcabdriver #pheminisht #JusticeForSwapnilPandey  Not the first time when pheminisht making  allegations against innocent man ЁЯШ│ЁЯШ│ЁЯдЧЁЯШБ  https://t.co/19ofkli4hk,['https://pbs.twimg.com/media/E79W0gMVoAQSGen.jpg'],image,en
120,1281903837050093568,"Carryminati went from making careers in ""BigBoss"" to destroying careers on ""TIKTOK"".  Long way bro. #carryminati #carryminatiroast #TikTok .",[],text,en
84,1282914570198061057,Drawing @CarryMinati  #Yalgaar  This Drawing process video is up on my YouTube channelтд╡я╕П  https://t.co/pP0CXuyHsQ Mix media Drawing . . #carryminnati #carryminatiroast #yalgaarcarryminati #YouTuber #carryminatitiktokroast #carryminatifan #carrykajawaab #carryminatilovers  https://t.co/m1eBUD07sA,['https://pbs.twimg.com/media/Ec3SgmFUwAYoFMh.jpg'],image,en
110,1282005759765569536,@CarryMinati   #carryminati #carryminatiroast  Painting by @switzsonu  https://t.co/GB9PUKXZ5A,['https://pbs.twimg.com/media/EcqZbMiUcAAjWWI.jpg'],image,en
91,1280471317674778624,@rsprasad @narendramodi @IndiaPostOffice @cpmgup @AmitShah @myogiadityanath @BJP4India @BJP4UP @PMOIndia @rajnathsingh @RSSorg Dont spread #misandry the #FeministMafia @sharmarekha is already doing it and getting rightly snubbed by @smritiirani #CrimeHasNoGender  #GenderBiasedLaws  #MenToo #AblaNari is #coronavirus  @CPMumbaiPolice @Uppolice @PuneCityPolice @ShivSena @timesofindia @ndtv @CNN @BBCHindi,[],text,en
125,1277677604904943616,@MenWelfare @barandbench @LiveLawIndia @SFFNGO Independence of Judiciary is under threat from #FeministMafia,[],text,en
126,1374291945279909893,#Thankyou Mens Rights Activist_ЁЯЗоЁЯЗ│(BHARATH)   https://t.co/fqfXmXAa3L   for following us!  #visit our #Facebook  https://t.co/0JCJCGbXly   visit website  https://t.co/LPTBuXm8M9    #Dowry #498a #FakeCases increasing #PurushAayog #MensCommission required #MensRights are #HumanRigтАж,[],text,en
8,1374557108293672962,"@RahulGandhi A good son, A good friend, A good brother, A good student, A good employee, A good citizen becomes a criminal out of sudden! why? how? what crime he did?  he married a #498A woman!  Doing Marriage is a crime! #feminismiscancer #fakecases",[],text,en
37,1283281592257875968,@CarryMinati BRO THIS IS FOR YOUЁЯТЬтЭд HOPE YOU WILL LIKE IT..тЭг  #Edit #editing #carryminnati  #CARRY #photoshop #carryminatiroast #YouTube  https://t.co/tD0d2ZGnuF,['https://pbs.twimg.com/media/Ec8hnh9VAAAgCDY.jpg'],image,en
74,1282033720199770112,*GTA V High Cpu Usage Crash Fixed** This video helped me in fixing crashing due to High CPU Usage using GTA V    https://t.co/f1a2eAvffr via  @YouTube  #GTAVI #GTAV #GTAVOnline #GtaRolplay #COVIDуГ╝19 #carryminatiroast #gta #USA #Linux #Cyberpunk2077,[],text,en
0,1112055727491813376,роЗройрпНрокро╛роХрпНро╕рпНро▓ ро╡роирпНродрпБ роЕройрпНройрпЗ роЕро╡ройрпБроЩрпНроХ родрпЗро░рпНродро▓рпН роЖрогрпИропродрпНродрпИ ро╡рпИроЪрпНроЪрпБ роЗрокрпНрокроЯро┐ рокройрпНро▒ро╛ройрпБроЩрпНроХро│рпЗ роЕрокрпНрокроЯро┐ рокройрпНро▒ро╛ройрпБроЩрпНроХро│рпЗ ройрпНройрпБ роЖродроЩрпНроХрокрпНрокроЯрпБроорпН роЕроорпНрооро╛ роороХрпНроХро│рпН роорпБройрпНройрпЗро▒рпНро▒ роХро┤роХ родрпЛро┤роорпИроХро│рпБроХрпНроХрпБ роиро╛ройрпН  роЪрпКро▓рпНро▓ро┐роХрпНроХрпКро│рпНро╡родрпЖро▓рпНро▓ро╛роорпН тАж роЕродрпЖро▓рпНро▓ро╛роорпН роЪрпЗро░рпНроирпНродродрпБ родро╛ройрпН...  https://t.co/xLJrTrlxGZ,[],text,ta
1,1111824057341788160,Rangaraj Pandey рооро┐роХ роЕро░рпБроорпИропро╛роХ роТро░рпБ ро╡ро┐ро╖ропродрпНродрпИ роЪрпКро▓рпНроХро┐ро▒ро╛ро░рпН тАж роЕродро╛ро╡родрпБ роТро░рпБ роЪрпЖропрпНродро┐ропрпИ рокроХро┐ро░рпНро╡родро▒рпНроХрпБ роорпБройрпНройро╛ро▓рпН роироорпНроо роороХро│рпИ родро┐ро░рпБроорогроорпН роЪрпЖропрпНродрпБ ро╡рпИроХрпНроХрпБроорпН рокрпКро┤рпБродрпБ рооро╛рокрпНрокро┐ро│рпНро│рпИ рокро┐ройрпНройрогро┐ роХрпБро▒ро┐родрпНродрпБ ро╡ро┐роЪро╛ро░ро┐рокрпНрокродрпИ рокрпЛро▓ ро╡ро┐роЪро╛ро░ро┐родрпНродрпБ рокро┐ройрпН рокроХро┐ро░ ро╡рпЗрогрпНроЯрпБроорпН...  https://t.co/rUFvDq6hyb,[],text,ta
2,1266323000393035776,роКро░роЯроЩрпНроХро┐ро▓рпН роУро╡ро░рпН рокрпЛро╕рпН роХрпКроЯрпБродрпНродрпБ роЯрпНро░рпЖрогрпНроЯрпН роЖроХрпБроорпН ро░ро╣ро┐роЖ рокрпЛроЯрпНроЯрпЛ роХрпЗро▓ро░ро┐!  #RheaChakraborty #actressgallery    https://t.co/wKmj3cm33W,[],text,ta
3,1301932275198648321,ро░ро┐ропро╛ роЪроХрпНро░рокро░рпНродрпНродро┐ропро┐ройрпН роЪроХрпЛродро░ро░рпН роХрпИродрпБ: роХроЮрпНроЪро╛ ро╡ро╛роЩрпНроХро┐ропродрпБ роЕроорпНрокро▓роорпН #ShowikChakraborty | #RheaChakraborty | #SushantSingh | #SushantSinghRajput | #HinduTamil   https://t.co/iJsPdeCNS6,[],text,ta
4,1288539516291047424, https://t.co/3QqfsTS3zo родро╛ройрпН ро╡роЪро┐роХрпНроХрпБроорпН роЕрокрпНрокро╛ро░рпНроЯрпНроорпЖройрпНроЯро┐ро▓рпН роЙро│рпНро│ро╡ро░рпНроХро│ро╛ро▓рпН ро╡ройро┐родро╛ро╡рпБроХрпНроХрпБ роПро▒рпНрокроЯрпНроЯ рокро░ро┐родро╛рокроорпН... #RheaChakraborty #AjithismCDPOnJuly26 #VaathiComing #HappyBirthdaySuriya  #28YrsOfAjithismCDPBlast #VanithaApologise #Vanitha #MeeraMitun #ThalaAjth #ValimaiPanIndianRelease  https://t.co/QSpgvE4ICo,['https://pbs.twimg.com/media/EeHP1WzU8AIaLPl.png'],image,ta
5,1243409916922118144,роироЯро┐роХрпИ ро░ро┐ропро╛ роЪроХрпНро░рокрпЛро░рпНродрпНродро┐-ропро┐ройрпН ро▓рпЗроЯрпНроЯро╕рпНроЯрпН ро╣ро╛роЯрпН рокрпБроХрпИрокрпНрокроЯроЩрпНроХро│рпН #cinema_news #RheaChakraborty    https://t.co/fba0PHKxgK,[],text,ta
6,1111982572622491654,"""родро┐роорпБроХро╡ро┐ройрпН родрпАрогрпНроЯро╛роорпИ""   родро░рпБроорокрпБро░ро┐ , роЪрпЗро▓роорпН, рооропро┐ро▓ро╛роЯрпБродрпБро▒рпИ рокро╛ро░ро╛ро│рооройрпНро▒ родрпКроХрпБродро┐ропро┐ро▓рпН роХро┐ро░ро╛роороЩрпНроХро│рпБроХрпНроХрпБ рокро┐ро░роЪрпНроЪро╛ро░родрпНродрпБроХрпНроХрпБ роЪрпЖро▓рпНро▓рпБроорпН ро╡ро╛роХройроЩрпНроХро│ро┐ро▓рпН ""ро╡ро┐роЪро┐роХ"" роХрпКроЯро┐ропрпИ рокрпБро▒роХрпНроХрогро┐роХрпНроХродрпНродрпБро│рпНро│родрпБ родро┐роорпБроХ.  ро╡ро┐роЪро┐роХро╡ро┐ройро░рпН роХроЯрпБроорпН роЕродро┐ро░рпБрокрпНродро┐ ЁЯШК",[],text,ta
7,1339910913818648577,"роироЯро┐роХрпИроХро│рпН роХрпИродрпБ, ро░рпЖропрпНроЯрпБ, ро╡ро┐роЪро╛ро░рогрпИ.. 2020-ро▓рпН роЪро┐ройро┐рооро╛ро╡ро┐ро▓рпН рокро░рокро░рокрпНрокрпИ роПро▒рпНрокроЯрпБродрпНродро┐роп рокрпЛродрпИ рокрпКро░рпБро│рпН ро╡ро┤роХрпНроХрпБ!   https://t.co/2PEmy8RAEr #rheachakraborty #drugcase #2021ahead #yearender2020",[],text,ta
8,1112048166675857408,роОро▓рпНро▓ро╛ роХроЯрпНроЪро┐роХро│рпБроорпН роЕропрпЛроХрпНроХро┐роп рокропро▓рпНроХро│рпН .. роЕро╡ро░рпНроХро│рпН роХрпВроЯрпНроЯрогро┐ ро╡рпИроХрпНроХро┐ро▒ро╛ро░рпНроХро│рпН тАж роироЩрпНроХро│рпН роЕрокрпНрокроЯро┐ропро┐ро▓рпНро▓рпИ роиро╛роЩрпНроХро│рпН родройро┐родрпНродрпБ роиро┐ро▒рпНроХро┐ро▒рпЛроорпН тАж роОройрпНро▒рпБ рокрпЖро░рпБроорпИ рокрпЗроЪрпБроХро┐ро▒ро╛ро░рпН роЕрогрпНрогройрпН роЪрпАрооро╛ройрпН   ро╡рпАроЯрпБ роЗро░рпБроХрпНроХро┐ро▒ро╡ройрпН ро╡рпАроЯрпНроЯрпБроХрпНроХрпБ рокрпВроЯрпНроЯрпБ рокрпЛроЯ роиро┐ройрпИрокрпНрокро╛ройрпН .....  https://t.co/88L6GO2qF0,[],text,ta
9,1111862713259573248,роЕройрпНрокрпБроорогро┐ ро░ро╛роородро╛ро╕рпН ро╡ро╛ро░рпНроЯрпБ роХро╡рпБройрпНроЪро┐ро▓ро░рпН роЖро╡родро▒рпНроХрпБ роХрпВроЯ ро▓ро╛ропроХрпНроХро┐ро▓рпНро▓рпИ - роЙродропроиро┐родро┐   рокрпВроХроорпНрокроорпН ро╡роирпНродрпБ роирпА родрпБро░рпНроХро╛ро╡рпБроХрпНроХрпБ рокро┐ро▒роХрпНроХро╛роо роЗро░рпБроирпНродро┐ро░рпБроирпНродро╛ роЙройрпНройрпИ роиропройрпНродро╛ро░ро╛ роЗро▓рпНро▓ тАж рокро▒ро╡рпИ  роорпБройро┐ропроорпНрооро╛ роХрпВроЯ родро┐ро░рпБроорпНрокро┐  рокро╛ро░рпНродрпНродро┐ро░рпБроХрпНроХро╛родрпБ тАж роирпАропрпЖро▓рпНро▓ро╛роорпН рокрпЗроЪро▒,[],text,ta
10,1111862318844006400,родрпБро░рпИроорпБро░рпБроХройрпН  роЪроорпНроороирпНродрокрпНрокроЯрпНроЯ роЗроЯроЩрпНроХро│ро┐ро▓рпН роирпЗродрпНродрпБ роЗро░ро╡рпБ роорпБродро▓рпН ро░рпЖропро┐роЯрпБ роироЯроирпНродрпБроЯрпНроЯрпБ роЗро░рпБроХрпНроХрпБ тАж. роЕродро┐роХро╛ро░ро┐роХро│рпН ро╡роирпНродро╛ро░рпНроХро│рпН ро╡рпЖро│ро┐ропрпЗ роЕройрпБрокрпНрокро┐роЯрпНроЯрпЛроорпНройрпБ роХродрпИ ро╡ро┐роЯрпНроЯрпБроЯрпНроЯрпБ роЪрпБродрпНродрпБро▒ро╛ройрпБроЩрпНроХ  роЙ рокро┐ роХрпНроХро│рпН тАж роЪро░ро┐ роОродрпБро╡рпБроорпЗ роЖроХро╛родродрпБ рооро╛родро┐ро░ро┐ родрпБро░рпИроорпБро░рпБроХройрпИ...  https://t.co/ZP3AqK8s64,[],text,ta
11,1282556282356895744,Sushant-родрпИ роХрпМро░ро╡рокрпНрокроЯрпБродрпНродро┐роп роЪрпКроирпНрод роКро░рпНроороХрпНроХро│рпН | роЕро┤ро┐роХрпНроХроорпБроЯро┐ропро╛род ро░ро╛роЬрооро░ро┐ропро╛родрпИ | Emotional Video  #SushantSingRajput #SushantInOurHeartsForever #SushantSinghRajpoot #Patna #KaranJohar #Salman #Sooraj #RheaChakraborty   Full VideoЁЯСЙ  https://t.co/7hFPnSOyyn  https://t.co/vXNX2JGO7I,['https://pbs.twimg.com/media/EcyOIsXUEAATL21.jpg'],image,ta
12,1279808254940286976,ро▓ро╛роХрпНроЯро╡рпБройро┐ро▓рпН роЪрпБро╖ро╛роирпНродрпН ро╡рпАроЯрпНроЯро┐ро▓рпН роЗро░рпБроирпНрод роироЯро┐роХрпИ ! ро╡рпИро░ро▓ро╛роХрпБроорпН ро╡рпАроЯро┐ропрпЛроХрпНроХро│рпН #SushanthSinghRajput #RheaChakraborty #SushantInOurHeartsForever   https://t.co/E4cWSkrcyd,[],text,ta
13,1111836961382248450,роЪро╛ро░рпН роЪрпАрооро╛ройрпН роЪро╛ро░рпН.. рокрпБроЯро┐роЪрпНроЪрпБ ро╡рпЖроЪрпНроЪрпБроХрпНроХро┐роЯрпНроЯрпБ ро╡ро┐роЯ рооро╛роЯрпНроЯрпЗроЩрпНроХро┐ро▒ро╛роЩрпНроХ роЪро╛ро░рпН ЁЯШВЁЯШВЁЯШВ  https://t.co/WxfqPCVlMB,[],text,ta
14,1111885941742948353,родрпБро░рпИроорпБро░рпБроХройрпН ро╡рпАроЯрпНроЯро┐ро▓рпН ро░рпВрокро╛ропрпН рокродрпНродрпБ ро▓роЯрпНроЪроорпН рокро▒ро┐роорпБродро▓рпН - роЪрпЖропрпНродро┐   роТро░рпБ рооро╛род  ро▓ро┐рокрпНро╕рпНроЯро┐роХрпН  роЪрпЖро▓ро╡рпБ рокрпЛроЪрпНроЪрпЗ,[],text,ta
15,1334773418135150595,роЗрогрпИроп родро│ родрпЗроЯрпБродро▓ро┐ро▓рпН роорпБродро▓ро┐роЯроорпН рокро┐роЯро┐родрпНрод роироЯро┐роХро░рпН.. 3ро╡родрпБ роЗроЯроорпНрокро┐роЯро┐родрпНрод роХро╛родро▓рпН роироЯро┐роХрпИ... #RheaChakraborty #SushantSinghRajput   https://t.co/KhQidMpTFG,[],text,ta
16,1111633075144921089,AMMK - SDPI роХрпВроЯрпНроЯрогро┐ роЕро░роЪро┐ропро▓рпБроХрпНроХро╛рой роХрпВроЯрпНроЯрогро┐ роЗро▓рпНро▓рпИ. роЙрогро░рпНро╡рпБрокрпВро░рпНро╡рооро╛рой роХрпВроЯрпНроЯрогро┐.   роЯро┐роЯро┐ро╡ро┐ родро┐ройроХро░ройрпН,[],text,ta
17,1112058774062354434,роЕрогрпНрогро╛ родро┐ роорпБ роХ ро╡рпИ ро╡ро┐рооро░рпНроЪро┐родрпНродро┐ ро╡ро┐роЯрпНроЯрпБ  роЕро╡ро░рпНроХро│рпБроЯройрпЗропрпЗ роХрпВроЯрпНроЯрогро┐ ро╡рпИродрпНродрпБро│рпНро│ роЕройрпНрокрпБроорогро┐ роЗро░ро╛роородро╛ро╕рпН роорогрпНроЯро┐ропро┐роЯрпНроЯ рооро╛роЩрпНроХро╛ропрпН роОройрпНро▒ро╛ро▓рпН тАж роХро╡рпБройрпНроЪро┐ро▓ро░рпН ро▓рпАро▓ро╛ро╡родро┐ропрпИ рокроЯрпБроХрпКро▓рпИ роЪрпЖропрпНрод рокроЯрпБрокро╛родроХро░рпНроХро│рпБроЯройрпН роЕродрпЗ роородрпБро░рпИропро┐ро▓рпН роХрпВроЯрпНроЯрогро┐ роХрпЛро░рпНродрпНродрпБ ро╡ро╛роХрпНроХрпБ  роЪрпЗроХро░ро┐роХрпНроХрпБроорпН роЯрпЛро▓ро░рпНроХро│рпИ роК#рокро┐  ро╡ро┐роЯрпНроЯ роЙрогрпНроЯро┐ропро▓рпН роОройрпНро▒рпБ ро╡ро┐рооро░рпНроЪро┐роХрпНроХро▓ро╛рооро╛ ?,[],text,ta
18,1111632076552503298,роЕрогрпНрогро╛ родро┐ роорпБ роХ родро┐ро▒роирпНродрпБ ро╡ро┐роЯрокрпНрокроЯрпНроЯ роЪро░рпНроХрпНроХро╕рпН роХроорпНрокрпЖройро┐ - роХро┐ ро╡рпАро░роорогро┐   ро░ро┐роЩрпНрооро╛ро╕рпНроЯро░рпН роУроЪро┐  роЪрпЛро▒рпБ рокрпЛроЯрпНроЯро╛ роЕроЩрпНроХрпИропрпБроорпН родро╛ройрпЗ  рокрпЛропрпН роиро┐роХрпНроХ рокрпЛро▒,[],text,ta
19,1111883263453335552,"рооро┐ро╕рпНроЯро░рпН ро░ро╛родро╛ро░ро╡ро┐ , роЪрпБроЯро▓рпИ рокрпЛройрпНро▒ родро▒рпНроХрпБро▒ро┐роХро│рпН роЙроЩрпНроХро│рпИ роХрпЗро│рпНро╡ро┐ роХрпЗроЯрпНроХ родроХрпБродро┐ропро┐ро▓рпНро▓рпИ роОройрпНро▒рпБ родро╛ройрпН роЪрпКро▓рпНроХро┐ро▒рпЛроорпН , роЕродрпБ роТроЯрпНроЯрпБ роорпКродрпНрод родро┐ роорпБ роХ роХрпБроорпНрокро▓рпБроХрпНроХрпБроорпН родроХрпБродро┐ропро┐ро▓рпНро▓рпИ роОройрпНрокродройрпН роЕроЯро┐рокроЯрокрпНрокрпИропро┐ро▓рпН , рооро▒рпНро▒рокроЯро┐ роиропройрпНродро╛ро░ро╛ро╡рпЖро▓рпНро▓ро╛роорпН роЪрпАродрпИропро╛роХ...  https://t.co/msl2UqvKZi",[],text,ta
20,1284815229625475072,"рооро╛роЯрпНроЯро┐ройро╛ро░рпНроХро│рпН тАШроХро▒рпНрокро┤ро┐рокрпНрокрпБ, роХрпКро▓рпИ тАШрооро┐ро░роЯрпНроЯро▓рпН ро╡ро┐роЯрпНроЯро╡ро░рпНроХро│рпН.! роироЯро┐роХрпИ роиро┐роорпНроородро┐.! via @devimani  https://t.co/waqdORmWGX #twobooked #sendingobscene #threatening #RheaChakraborty",[],text,ta
21,1111632772156850180,ро░ро╛роороиро╛родрокрпБро░родрпНродро┐ро▓рпН родро▒рпНрокрпКро┤рпБродрпБ роироЯроирпНродрпБроХрпНроХ роХрпКрогрпНроЯро┐ро░рпБроХрпНроХрпБроорпН рокро┐ро░роЪрпНроЪро╛ро░роХрпН роХрпВроЯрпНроЯродрпНродро┐ро▓рпН роХро░рпНрокро┐рогро┐рокрпН рокрпЖрогрпН роОройрпНрокродро▒рпНроХрпБ рокродро┐ро▓ро╛роХ роХро▒рпНрокройрпИрокрпН рокрпЖрогрпН роОройрпНро▒рпБ роЙро│ро▒ро┐роп роЪрпБроЯро▓рпИ тАж. тАж   роИро╕рпНро╡ро░ро╛ тАж.. роЗродрпБроХрпНроХрпБ роТро░рпБ роорпБроЯро┐ро╡рпЗ роЗро▓рпНро▓рпИропро╛,[],text,ta
22,1275756461998501889,71 ро╡ропродрпБ родропро╛ро░ро┐рокрпНрокро╛ро│ро░рпБроЯройрпН роирпЖро░рпБроХрпНроХрооро╛роХ роЗро░рпБроирпНрод ро░ро┐ропро╛ роЪроХрпНро░рокрпЛро░рпНродрпНродро┐! роЪрпВроЯрпБ рокро┐роЯро┐роХрпНроХрпБроорпН роЪрпБро╖ро╛роирпНродрпН родро▒рпНроХрпКро▓рпИ ро╡ро┐ро╡роХро╛ро░роорпН!  #SushantSingh #RheaChakraborty    https://t.co/9dvaNgc0wb,[],text,ta
23,1112007553771286528,роЯрпЗропрпН роиро╛роЩрпНроХ роЪрпИро╡ро░рпНроХро│рпН роЯро╛ тАж роиро╛роЩрпНроХ роОрокрпНрокроЯро╛ ро╣ро┐роирпНродрпБро╡ро╛ройрпЛроорпН тАж роЕрокрпНрокроЯро┐ройрпНройрпБ роорпБро┤рпБродро┐ропрпИ роороЯроХрпНроХро┐ роЙро▒рпБроорпБроорпН роЕрогрпНрогройрпН роЪрпАрооро╛ройрпН роЕро╡ро░рпНроХро│ро┐ройрпН роХройро┐ро╡ро╛рой роХро╡ройродрпНродро┐ро▒рпНроХрпБ тАж роирпАроЩрпНроХро│рпН роЙроЩрпНроХро│рпН роорпБрокрпНрокро╛роЯрпНроЯройрпН роОройрпНро▒рпБ роорпБро┤роЩрпНроХро┐роЯрпБроорпН ро▓ро┐ро╕рпНроЯро┐ро▓рпН роорпБроХрпНроХро┐ропрооро╛рой роирокро░рпНроХро│рпН...  https://t.co/ajjiAjzDij,[],text,ta
24,1301932806424076293,роЪрпБро╖ро╛роирпНродрпН роЪро┐роЩрпН ро╡ро┤роХрпНроХрпБ: ро░ро┐ропро╛ роЪроХрпНро░рокрпЛро░рпНродрпНродро┐ропро┐ройрпН роЪроХрпЛродро░ро░рпН рокрпЛродрпИрокрпНрокрпКро░рпБро│рпН роХрпБро▒рпНро▒роЪрпНроЪро╛роЯрпНроЯро┐ро▓рпН роХрпИродрпБ #RheaChakraborty #Sushantsinghcase  https://t.co/70GSWtxuGS,[],text,ta
25,1242775588735045632,рокроЯрпБроХрпНроХрпИ роЕро▒рпИропро┐ро▓рпН роХро╡ро░рпНроЪрпНроЪро┐ родрпА роорпВроЯрпНроЯрпБроорпН... ро░рпЗроХро╛ роЪроХрпНро░рокрпЛро░рпНродрпНродро┐..! ро╣ро╛роЯрпН рокрпБроХрпИрокрпНрокроЯ родрпКроХрпБрокрпНрокрпБ!  #rheachakraborty #photogallery #actresshot    https://t.co/OZI4hGcoUD,[],text,ta
26,1310258123525910528,рокрпЛро▓рпАроЪро╛ро░рпН родройрпН ро╡рпАроЯрпНроЯро┐ро▓рпН роОроЯрпБродрпНрод рокрпЛродрпИ рокрпКро░рпБро│рпН ро░ро┐ропро╛ роЪроХрпНро░рокрпЛро░рпНродрпНродро┐роХрпНроХрпБ роЪрпКроирпНродрооро╛ройродрпБ-ро░роХрпБро▓рпНрокро┐ро░рпАродрпНроЪро┐роЩрпН ро╡ро╛роХрпНроХрпБроорпВро▓роорпН #RakulPreetSingh | #RheaChakraborty  https://t.co/zLHwT625F5,['https://pbs.twimg.com/media/Ei74zNuU8AEAYn1.jpg'],image,ta
27,1301933442213376002,Rhea родроорпНрокро┐ - роЪрпБро╖ро╛роирпНродрпН роорпЗройрпЗроЬро░рпН родро┐роЯрпАро░рпН роХрпИродрпБ? Sushant ро╡ро┤роХрпНроХро┐ро▓рпН рокрпБродрпБ Twist  Video Link:  https://t.co/QANI7nXFE8  #Biriyani #sushant #RheaChakraborty  https://t.co/5MCYjNqCPT,['https://pbs.twimg.com/media/EhFlecEUwAEO3-T.jpg'],image,ta
28,1111812185460744193,"родрпБро░рпИроорпБро░рпБройрпН   ро╡рпАроЯрпНроЯро┐ро▓рпН ро╡ро░рпБрооро╛рой ро╡ро░ро┐родрпНродрпБро▒рпИ  роЪрпЛродройрпИ   80  роХро┐ро▓рпЛ L ""OREAL  ро▓ро┐рокрпНро╕рпНроЯро┐роХрпН   рооро▒рпНро▒рпБроорпН 40  роХро┐ро▓рпЛ  рокро╛рогрпНроЯрпНро╕рпН   рокро╡рпБроЯро░рпН тАж. 2 роХро┐ро▓рпЛ ро▓ро╛роХрпНроорпА роХро╛роЬро▓рпН роорпИ  рокро▒ро┐роорпБродро▓рпН",[],text,ta
29,1310247448208572416,рокрпЛро▓рпАроЪро╛ро░рпН родройрпН ро╡рпАроЯрпНроЯро┐ро▓рпН роОроЯрпБродрпНрод рокрпЛродрпИ рокрпКро░рпБро│рпН ро░ро┐ропро╛ роЪроХрпНро░рокрпЛро░рпНродрпНродро┐роХрпНроХрпБ роЪрпКроирпНродрооро╛ройродрпБ-ро░роХрпБро▓рпНрокро┐ро░рпАродрпНроЪро┐роЩрпН ро╡ро╛роХрпНроХрпБроорпВро▓роорпН #RakulPreetSingh } #RheaChakraborty  https://t.co/qEN9XzqBc2,[],text,ta
